use menu_logger;
select * from users;

select * from transactions;

CREATE TABLE `users` (
  `user_id` int NOT NULL AUTO_INCREMENT,
  `user_email` varchar(100) NOT NULL,
  `user_name` varchar(100) NOT NULL,
  `dob` date DEFAULT NULL,
  `mobile_num` varchar(15) DEFAULT NULL,
  PRIMARY KEY (`user_id`),
  UNIQUE KEY `user_email` (`user_email`)
) 


INSERT INTO `users` VALUES (1,'john.doe@example.com','John Doe','1985-03-25','1234567890'),(2,'jane.smith@example.com','Jane Smith','1990-07-15','0987654321'),(101101,'urwithdhanu@gmail.com','Dhanu','1995-06-20','9876543210');




CREATE TABLE `account_balance` (
  `user_id` int NOT NULL,
  `account_number` varchar(20) NOT NULL,
  `balance` decimal(15,2) NOT NULL,
  PRIMARY KEY (`user_id`)
) 


INSERT INTO `account_balance` VALUES (1,'ACC123456',1000.50),(2,'ACC654321',2500.75),(101101,'ACC789101',500.00);



CREATE TABLE `application_status` (
  `application_id` int NOT NULL,
  `status` varchar(50) DEFAULT NULL,
  PRIMARY KEY (`application_id`)
)




INSERT INTO `application_status` VALUES (1234,'InProgress'),(2345,'In Credit Review'),(3456,'Dispatched Card');





CREATE TABLE `applications` (
  `application_id` int NOT NULL,
  `item_id` int DEFAULT NULL,
  `quantity` int DEFAULT NULL,
  PRIMARY KEY (`application_id`)
) 



INSERT INTO `applications` VALUES (1234,1001,1),(2345,1002,1),(3456,1004,1);




CREATE TABLE `card_payments` (
  `payment_id` int NOT NULL AUTO_INCREMENT,
  `user_id` int NOT NULL,
  `payment_month` date NOT NULL,
  `payment_amount` decimal(5,2) NOT NULL,
  PRIMARY KEY (`payment_id`),
  KEY `user_id` (`user_id`),
  CONSTRAINT `card_payments_ibfk_1` FOREIGN KEY (`user_id`) REFERENCES `users` (`user_id`) ON DELETE CASCADE
) 




INSERT INTO `card_payments` VALUES (1,1,'2023-01-01',73.25),(2,1,'2023-02-01',89.50),(3,1,'2023-03-01',67.10),(4,1,'2023-04-01',95.75),(5,1,'2023-05-01',82.40),(6,1,'2023-06-01',74.30),(7,1,'2023-07-01',88.90),(8,1,'2023-08-01',60.75),(9,1,'2023-09-01',96.00),(10,1,'2023-10-01',79.25),(11,1,'2023-11-01',65.00),(12,1,'2023-12-01',99.15),(13,1,'2024-01-01',58.50),(14,1,'2024-02-01',75.60),(15,1,'2024-03-01',91.20),(16,1,'2024-04-01',86.45),(17,1,'2024-05-01',70.00),(18,1,'2024-06-01',99.90),(19,1,'2024-07-01',55.40),(20,1,'2024-08-01',88.30),(21,1,'2024-09-01',78.50),(22,1,'2024-10-01',62.75),(23,1,'2024-11-01',97.00),(24,1,'2024-12-01',80.15),(25,2,'2023-01-01',78.50),(26,2,'2023-02-01',85.20),(27,2,'2023-03-01',69.80),(28,2,'2023-04-01',95.25),(29,2,'2023-05-01',70.30),(30,2,'2023-06-01',88.10),(31,2,'2023-07-01',63.00),(32,2,'2023-08-01',99.15),(33,2,'2023-09-01',80.00),(34,2,'2023-10-01',54.50),(35,2,'2023-11-01',97.30),(36,2,'2023-12-01',65.90),(37,2,'2024-01-01',77.50),(38,2,'2024-02-01',90.10),(39,2,'2024-03-01',73.25),(40,2,'2024-04-01',88.40),(41,2,'2024-05-01',92.00),(42,2,'2024-06-01',55.70),(43,2,'2024-07-01',98.20),(44,2,'2024-08-01',65.40),(45,2,'2024-09-01',89.00),(46,2,'2024-10-01',76.50),(47,2,'2024-11-01',84.75),(48,2,'2024-12-01',67.00),(49,101101,'2023-01-01',95.40),(50,101101,'2023-02-01',60.10),(51,101101,'2023-03-01',89.30),(52,101101,'2023-04-01',77.50),(53,101101,'2023-05-01',98.00),(54,101101,'2023-06-01',72.50),(55,101101,'2023-07-01',85.75),(56,101101,'2023-08-01',63.40),(57,101101,'2023-09-01',97.00),(58,101101,'2023-10-01',70.30),(59,101101,'2023-11-01',88.60),(60,101101,'2023-12-01',59.00),(61,101101,'2024-01-01',99.20),(62,101101,'2024-02-01',65.00),(63,101101,'2024-03-01',91.10),(64,101101,'2024-04-01',75.30),(65,101101,'2024-05-01',84.50),(66,101101,'2024-06-01',94.40),(67,101101,'2024-07-01',70.00),(68,101101,'2024-08-01',78.20),(69,101101,'2024-09-01',87.50),(70,101101,'2024-10-01',92.00),(71,101101,'2024-11-01',55.40),(72,101101,'2024-12-01',73.10);




CREATE TABLE `click_logs` (
  `id` int NOT NULL AUTO_INCREMENT,
  `user_id` varchar(50) DEFAULT NULL,
  `menu_name` varchar(50) DEFAULT NULL,
  `click_date` date DEFAULT NULL,
  `click_count` int DEFAULT '1',
  `timestamps` text,
  PRIMARY KEY (`id`)
) 


INSERT INTO `click_logs` VALUES (10,'user_123','Menu 7','2024-12-27',6,'[\"2024-12-27T23:50:33.744Z\", \"2024-12-27T23:50:46.399Z\", \"2024-12-27T23:50:46.567Z\", \"2024-12-27T23:50:46.735Z\", \"2024-12-27T23:50:46.910Z\", \"2024-12-27T23:50:47.079Z\"]'),(11,'user_123','Menu 6','2024-12-27',2,'[\"2024-12-27T23:50:39.615Z\", \"2024-12-27T23:50:45.903Z\"]'),(12,'user_123','Menu 5','2024-12-27',11,'[\"2024-12-27T23:50:40.383Z\", \"2024-12-27T23:50:44.577Z\", \"2024-12-27T23:50:44.735Z\", \"2024-12-27T23:50:44.903Z\", \"2024-12-27T23:50:45.062Z\", \"2024-12-27T23:50:45.231Z\", \"2024-12-27T23:50:45.343Z\", \"2024-12-27T23:50:53.103Z\", \"2024-12-27T23:50:53.280Z\", \"2024-12-27T23:50:53.454Z\", \"2024-12-27T23:50:53.599Z\"]'),(13,'user_123','Menu 4','2024-12-27',10,'[\"2024-12-27T23:50:41.007Z\", \"2024-12-27T23:50:41.759Z\", \"2024-12-27T23:50:41.935Z\", \"2024-12-27T23:50:42.095Z\", \"2024-12-27T23:50:42.271Z\", \"2024-12-27T23:50:42.439Z\", \"2024-12-27T23:50:42.615Z\", \"2024-12-27T23:50:42.783Z\", \"2024-12-27T23:50:42.959Z\", \"2024-12-27T23:50:43.191Z\"]'),(14,'user_123','Menu 3','2024-12-27',8,'[\"2024-12-27T23:50:44.055Z\", \"2024-12-27T23:50:49.599Z\", \"2024-12-27T23:50:49.767Z\", \"2024-12-27T23:50:49.935Z\", \"2024-12-27T23:50:50.103Z\", \"2024-12-27T23:50:50.263Z\", \"2024-12-27T23:50:50.447Z\", \"2024-12-27T23:50:55.375Z\"]'),(15,'user_123','Menu 2','2024-12-27',2,'[\"2024-12-27T23:50:47.983Z\", \"2024-12-27T23:50:52.287Z\"]'),(16,'user_123','Menu 1','2024-12-27',12,'[\"2024-12-27T23:50:48.663Z\", \"2024-12-27T23:50:48.847Z\", \"2024-12-27T23:50:49.007Z\", \"2024-12-27T23:50:51.191Z\", \"2024-12-27T23:50:51.359Z\", \"2024-12-27T23:50:51.518Z\", \"2024-12-27T23:50:51.687Z\", \"2024-12-27T23:50:51.839Z\", \"2024-12-27T23:50:54.159Z\", \"2024-12-27T23:50:54.319Z\", \"2024-12-27T23:50:54.655Z\", \"2024-12-27T23:50:54.807Z\"]'),(17,'user_123','Menu 7','2025-01-03',10,'[\"2025-01-03T23:24:45.884Z\", \"2025-01-03T23:24:46.083Z\", \"2025-01-03T23:24:46.301Z\", \"2025-01-03T23:24:46.475Z\", \"2025-01-03T23:24:46.659Z\", \"2025-01-03T23:24:46.859Z\", \"2025-01-03T23:24:47.021Z\", \"2025-01-03T23:24:47.205Z\", \"2025-01-03T23:24:47.372Z\", \"2025-01-03T23:24:47.541Z\"]');




CREATE TABLE `credit_card_balance` (
  `user_id` int NOT NULL,
  `card_number` varchar(16) NOT NULL,
  `current_balance` decimal(10,2) NOT NULL DEFAULT '0.00',
  `credit_limit` decimal(10,2) NOT NULL DEFAULT '5000.00',
  `last_updated` datetime DEFAULT CURRENT_TIMESTAMP,
  PRIMARY KEY (`user_id`),
  UNIQUE KEY `card_number` (`card_number`),
  CONSTRAINT `credit_card_balance_ibfk_1` FOREIGN KEY (`user_id`) REFERENCES `users` (`user_id`) ON DELETE CASCADE
) 


INSERT INTO `credit_card_balance` VALUES (1,'1234567890123456',250.75,5000.00,'2025-01-22 12:23:16'),(2,'2345678901234567',1200.50,7000.00,'2025-01-22 12:23:16'),(101101,'3456789012345678',3500.00,10000.00,'2025-01-22 12:23:16');




CREATE TABLE `items` (
  `item_id` int NOT NULL,
  `item_name` varchar(50) DEFAULT NULL,
  PRIMARY KEY (`item_id`)
) 




INSERT INTO `items` VALUES (1001,'Basic Credit Card'),(1002,'Travel Card'),(1003,'Student Card'),(1004,'Platinum Card');




CREATE TABLE `transactions` (
  `transaction_id` int NOT NULL AUTO_INCREMENT,
  `user_id` int NOT NULL,
  `transaction_type` varchar(50) NOT NULL,
  `transaction_amount` decimal(10,2) NOT NULL,
  `transaction_datetime` datetime DEFAULT CURRENT_TIMESTAMP,
  PRIMARY KEY (`transaction_id`),
  KEY `user_id` (`user_id`),
  CONSTRAINT `transactions_ibfk_1` FOREIGN KEY (`user_id`) REFERENCES `users` (`user_id`) ON DELETE CASCADE
) 

INSERT INTO `transactions` VALUES (1,1,'Shopping',120.50,'2023-01-15 10:45:30'),(2,1,'Pay Bill',85.20,'2023-02-12 14:30:45'),(3,1,'Refund',45.00,'2023-03-20 11:15:25'),(4,1,'Subscription',30.75,'2023-03-10 16:40:00'),(5,1,'Transfer',175.99,'2023-04-01 12:25:35'),(6,1,'Investment',250.00,'2023-05-10 11:20:15'),(7,2,'Loan Payment',135.45,'2023-06-20 10:10:40'),(8,2,'Shopping',190.00,'2023-07-01 09:35:25'),(9,2,'Transfer',80.20,'2023-08-15 14:50:30'),(10,2,'Pay Bill',50.75,'2023-09-10 17:45:00'),(11,1,'Shopping',140.30,'2024-01-10 12:20:30'),(12,1,'Pay Bill',100.50,'2024-02-12 16:15:00'),(13,1,'Refund',50.00,'2024-03-10 10:00:00'),(14,2,'Subscription',29.99,'2024-04-15 09:45:20'),(15,2,'Transfer',300.00,'2024-05-18 18:10:10'),(16,2,'Shopping',200.75,'2024-06-22 15:30:30'),(17,1,'Loan Payment',150.45,'2024-07-25 10:15:45'),(18,2,'Investment',500.00,'2024-08-10 13:10:50'),(19,1,'Pay Bill',90.60,'2024-09-12 11:20:30'),(20,1,'Shopping',275.00,'2024-10-15 14:40:00'),(21,2,'Shopping',210.80,'2025-01-20 13:15:25'),(22,1,'Subscription',45.99,'2025-02-15 10:30:50'),(23,1,'Transfer',600.00,'2025-03-12 12:25:30'),(24,2,'Investment',800.00,'2025-04-20 17:10:40'),(25,1,'Refund',75.20,'2025-05-15 09:50:15'),(26,2,'Loan Payment',350.75,'2025-06-25 08:45:20'),(27,1,'Shopping',300.00,'2025-07-10 11:15:10'),(28,2,'Pay Bill',120.40,'2025-08-12 14:50:30'),(29,1,'Investment',400.00,'2025-09-18 16:20:50'),(30,2,'Subscription',60.00,'2025-10-22 18:10:40'),(31,101101,'Shopping',120.50,'2023-01-15 10:45:30'),(32,101101,'Pay Bill',85.20,'2023-02-12 14:30:45'),(33,101101,'Refund',45.00,'2023-03-20 11:15:25'),(34,101101,'Subscription',30.75,'2023-03-10 16:40:00'),(35,101101,'Transfer',175.99,'2023-04-01 12:25:35'),(36,101101,'Investment',250.00,'2023-05-10 11:20:15'),(37,101101,'Loan Payment',135.45,'2023-06-20 10:10:40'),(38,101101,'Shopping',190.00,'2023-07-01 09:35:25'),(39,101101,'Transfer',80.20,'2023-08-15 14:50:30'),(40,101101,'Pay Bill',50.75,'2023-09-10 17:45:00'),(41,101101,'Refund',100.00,'2023-10-05 13:25:40'),(42,101101,'Shopping',150.00,'2024-01-12 10:25:00'),(43,101101,'Pay Bill',75.00,'2024-02-08 14:40:00'),(44,101101,'Transfer',200.00,'2024-03-15 12:30:00'),(45,101101,'Investment',300.00,'2024-04-10 11:20:00'),(46,101101,'Loan Payment',120.00,'2024-05-05 09:50:00'),(47,101101,'Shopping',180.00,'2025-01-01 10:10:00'),(48,101101,'Pay Bill',90.00,'2025-01-05 15:20:00'),(49,101101,'Transfer',210.00,'2025-01-10 13:30:00'),(50,101101,'Subscription',50.00,'2025-01-15 14:50:00'),(51,101101,'Refund',60.00,'2025-01-20 11:45:00');




